{
"lengthUnit": "mil",
"remark": [],
"components": {
	"fields": ["COMPONENT_NO", "COMPONENT_NAME", "LAYER", "X_COORDINATE", "Y_COORDINATE", "ANGLE"],
	"rows": [
		[1, "C1", "T", 455.12, -355, 0],
		[2, "C2", "T", 605, -355, 0],
		[3, "C3", "T", 1525, -185, 0],
		[4, "C4", "T", 775, -355, 0],
		[5, "C5", "T", 605, -805, 0],
		[6, "C6", "T", 775, -810, 0],
		[7, "C7", "T", 1281.9947, -181.453, 0],
		[8, "H1", "T", 1904.21, -472.369, 90],
		[9, "LED1", "T", 355, -810, 180],
		[10, "LED2", "T", 1265, -885, 180],
		[11, "LED3", "T", 1525, -885, 0],
		[12, "R1", "T", 452.903, -639.599, 0],
		[13, "R2", "T", 1265, -745, 0],
		[14, "R3", "T", 1525, -745, 0],
		[15, "U1", "T", 1400, -470, 270],
		[16, "U3", "T", 490, -155, 270],
		[17, "U4", "T", 165, -480, 270],
		[18, "X1", "T", 765, -570, 0],
		[19, "PAD1", "T", 482.68, -355, 0],
		[20, "PAD2", "T", 427.56, -355, 0],
		[21, "PAD3", "T", 632.56, -355, 0],
		[22, "PAD4", "T", 577.44, -355, 0],
		[23, "PAD5", "T", 1552.56, -185, 0],
		[24, "PAD6", "T", 1497.44, -185, 0],
		[25, "PAD7", "T", 802.56, -355, 0],
		[26, "PAD8", "T", 747.44, -355, 0],
		[27, "PAD9", "T", 632.56, -805, 0],
		[28, "PAD10", "T", 577.44, -805, 0],
		[29, "PAD11", "T", 802.56, -810, 0],
		[30, "PAD12", "T", 747.44, -810, 0],
		[31, "PAD13", "T", 1309.5547, -181.453, 0],
		[32, "PAD14", "T", 1254.4347, -181.453, 0],
		[33, "PAD15", "T", 1904.21, -672.369, 0],
		[34, "PAD15", "B", 1904.21, -672.369, 0],
		[35, "PAD16", "T", 1904.21, -572.369, 0],
		[36, "PAD16", "B", 1904.21, -572.369, 0],
		[37, "PAD17", "T", 1904.21, -472.369, 0],
		[38, "PAD17", "B", 1904.21, -472.369, 0],
		[39, "PAD18", "T", 1904.21, -372.369, 0],
		[40, "PAD18", "B", 1904.21, -372.369, 0],
		[41, "PAD19", "T", 1904.21, -272.369, 0],
		[42, "PAD19", "B", 1904.21, -272.369, 0],
		[43, "PAD20", "T", 388.5, -809.6, 0],
		[44, "PAD21", "T", 325.5, -809.8, 0],
		[45, "PAD22", "T", 1298.5, -884.6, 0],
		[46, "PAD23", "T", 1235.5, -884.8, 0],
		[47, "PAD24", "T", 1491.5, -885.4, 0],
		[48, "PAD25", "T", 1554.5, -885.2, 0],
		[49, "PAD26", "T", 482.563, -639.599, 0],
		[50, "PAD27", "T", 423.243, -639.599, 0],
		[51, "PAD28", "T", 1294.66, -745, 0],
		[52, "PAD29", "T", 1235.34, -745, 0],
		[53, "PAD30", "T", 1554.66, -745, 0],
		[54, "PAD31", "T", 1495.34, -745, 0],
		[55, "PAD32", "T", 1292.3, -295, 0],
		[56, "PAD33", "T", 1292.3, -345, 0],
		[57, "PAD34", "T", 1292.3, -395, 0],
		[58, "PAD35", "T", 1292.3, -445, 0],
		[59, "PAD36", "T", 1292.3, -495, 0],
		[60, "PAD37", "T", 1292.3, -545, 0],
		[61, "PAD38", "T", 1292.3, -595, 0],
		[62, "PAD39", "T", 1292.3, -645, 0],
		[63, "PAD40", "T", 1507.7, -295, 0],
		[64, "PAD41", "T", 1507.7, -345, 0],
		[65, "PAD42", "T", 1507.7, -395, 0],
		[66, "PAD43", "T", 1507.7, -445, 0],
		[67, "PAD44", "T", 1507.7, -495, 0],
		[68, "PAD45", "T", 1507.7, -545, 0],
		[69, "PAD46", "T", 1507.7, -595, 0],
		[70, "PAD47", "T", 1507.7, -645, 0],
		[71, "PAD48", "T", 430.945, -208.395, 0],
		[72, "PAD49", "T", 549.055, -208.395, 0],
		[73, "PAD50", "T", 489.995, -101.605, 0],
		[74, "PAD51", "T", 209.765, -342.205, 0],
		[75, "PAD52", "T", 209.765, -440.625, 0],
		[76, "PAD53", "T", 209.765, -519.365, 0],
		[77, "PAD54", "T", 209.765, -617.795, 0],
		[78, "PAD55", "T", 120.235, -710.315, 0],
		[79, "PAD55", "B", 120.235, -710.315, 0],
		[80, "PAD56", "T", 120.235, -249.685, 0],
		[81, "PAD56", "B", 120.235, -249.685, 0],
		[82, "PAD57", "T", 668.94, -570, 0],
		[83, "PAD57", "B", 668.94, -570, 0],
		[84, "PAD58", "T", 861.06, -570, 0],
		[85, "PAD58", "B", 861.06, -570, 0]
	]
},
"pins": {
	"fields": ["PIN_NO", "PIN_NAME", "PIN_X", "PIN_Y", "LAYER", "PIN_TYPE", "NET_NAME", "NET_TYPE", "PAD_SHAPE", "PAD_SIZEX", "PAD_SIZEY", "HOLE_SIZE", "HOLE_LEN", "PAD_ANGLE"],
	"rows": [
		[1, "C1_1", 427.56, -355, "T", "SMD", "3.3V", "", "R", 31.496, 35.433, 0, 0, 0],
		[2, "C1_2", 482.68, -355, "T", "SMD", "GND", "GND", "R", 31.496, 35.433, 0, 0, 0],
		[3, "C2_1", 577.44, -355, "T", "SMD", "VCC", "", "R", 31.496, 35.433, 0, 0, 0],
		[4, "C2_2", 632.56, -355, "T", "SMD", "GND", "GND", "R", 31.496, 35.433, 0, 0, 0],
		[5, "C3_1", 1497.44, -185, "T", "SMD", "VCC", "", "R", 31.496, 35.433, 0, 0, 0],
		[6, "C3_2", 1552.56, -185, "T", "SMD", "GND", "GND", "R", 31.496, 35.433, 0, 0, 0],
		[7, "C4_1", 747.44, -355, "T", "SMD", "GND", "GND", "R", 31.496, 35.433, 0, 0, 0],
		[8, "C4_2", 802.56, -355, "T", "SMD", "$1N1035", "", "R", 31.496, 35.433, 0, 0, 0],
		[9, "C5_1", 577.44, -805, "T", "SMD", "GND", "GND", "R", 31.496, 35.433, 0, 0, 0],
		[10, "C5_2", 632.56, -805, "T", "SMD", "$1N1143", "", "R", 31.496, 35.433, 0, 0, 0],
		[11, "C6_1", 747.44, -810, "T", "SMD", "GND", "GND", "R", 31.496, 35.433, 0, 0, 0],
		[12, "C6_2", 802.56, -810, "T", "SMD", "$1N1148", "", "R", 31.496, 35.433, 0, 0, 0],
		[13, "C7_1", 1254.4347, -181.453, "T", "SMD", "VCC", "", "R", 31.496, 35.433, 0, 0, 0],
		[14, "C7_2", 1309.5547, -181.453, "T", "SMD", "GND", "GND", "R", 31.496, 35.433, 0, 0, 0],
		[15, "H1_1", 1904.21, -672.369, "T", "DIP", "VCC", "", "R", 66.929, 66.929, 43.308, 43.308, 90],
		[16, "H1_1", 1904.21, -672.369, "B", "DIP", "VCC", "", "R", 66.929, 66.929, 43.308, 43.308, 90],
		[17, "H1_2", 1904.21, -572.369, "T", "DIP", "3.3V", "", "C", 66.929, 66.929, 43.308, 43.308, 90],
		[18, "H1_2", 1904.21, -572.369, "B", "DIP", "3.3V", "", "C", 66.929, 66.929, 43.308, 43.308, 90],
		[19, "H1_3", 1904.21, -472.369, "T", "DIP", "TXD", "", "C", 66.929, 66.929, 43.308, 43.308, 90],
		[20, "H1_3", 1904.21, -472.369, "B", "DIP", "TXD", "", "C", 66.929, 66.929, 43.308, 43.308, 90],
		[21, "H1_4", 1904.21, -372.369, "T", "DIP", "RXD", "", "C", 66.929, 66.929, 43.308, 43.308, 90],
		[22, "H1_4", 1904.21, -372.369, "B", "DIP", "RXD", "", "C", 66.929, 66.929, 43.308, 43.308, 90],
		[23, "H1_5", 1904.21, -272.369, "T", "DIP", "GND", "GND", "C", 66.929, 66.929, 43.308, 43.308, 90],
		[24, "H1_5", 1904.21, -272.369, "B", "DIP", "GND", "GND", "C", 66.929, 66.929, 43.308, 43.308, 90],
		[25, "LED1_1", 388.5, -809.6, "T", "SMD", "GND", "GND", "R", 31.5, 31.5, 0, 0, 270],
		[26, "LED1_2", 325.5, -809.8, "T", "SMD", "$1N2383", "", "R", 31.5, 31.5, 0, 0, 270],
		[27, "LED2_1", 1298.5, -884.6, "T", "SMD", "TXD", "", "R", 31.5, 31.5, 0, 0, 270],
		[28, "LED2_2", 1235.5, -884.8, "T", "SMD", "$1N2385", "", "R", 31.5, 31.5, 0, 0, 270],
		[29, "LED3_1", 1491.5, -885.4, "T", "SMD", "RXD", "", "R", 31.5, 31.5, 0, 0, 90],
		[30, "LED3_2", 1554.5, -885.2, "T", "SMD", "$1N2387", "", "R", 31.5, 31.5, 0, 0, 90],
		[31, "R1_1", 423.243, -639.599, "T", "SMD", "$1N2383", "", "R", 31.751, 34.016, 0, 0, 0],
		[32, "R1_2", 482.563, -639.599, "T", "SMD", "3.3V", "", "R", 31.751, 34.016, 0, 0, 0],
		[33, "R2_1", 1235.34, -745, "T", "SMD", "$1N2385", "", "R", 31.751, 34.016, 0, 0, 0],
		[34, "R2_2", 1294.66, -745, "T", "SMD", "3.3V", "", "R", 31.751, 34.016, 0, 0, 0],
		[35, "R3_1", 1495.34, -745, "T", "SMD", "$1N2387", "", "R", 31.751, 34.016, 0, 0, 0],
		[36, "R3_2", 1554.66, -745, "T", "SMD", "3.3V", "", "R", 31.751, 34.016, 0, 0, 0],
		[37, "U1_1", 1292.3, -295, "T", "SMD", "GND", "GND", "O", 23.701, 77.598, 0, 0, 270],
		[38, "U1_2", 1292.3, -345, "T", "SMD", "TXD", "", "O", 23.701, 77.598, 0, 0, 270],
		[39, "U1_3", 1292.3, -395, "T", "SMD", "RXD", "", "O", 23.701, 77.598, 0, 0, 270],
		[40, "U1_4", 1292.3, -445, "T", "SMD", "$1N1035", "", "O", 23.701, 77.598, 0, 0, 270],
		[41, "U1_5", 1292.3, -495, "T", "SMD", "D+", "", "O", 23.701, 77.598, 0, 0, 270],
		[42, "U1_6", 1292.3, -545, "T", "SMD", "D-", "", "O", 23.701, 77.598, 0, 0, 270],
		[43, "U1_7", 1292.3, -595, "T", "SMD", "$1N1143", "", "O", 23.701, 77.598, 0, 0, 270],
		[44, "U1_8", 1292.3, -645, "T", "SMD", "$1N1148", "", "O", 23.701, 77.598, 0, 0, 270],
		[45, "U1_9", 1507.7, -645, "T", "SMD", "$1N2391", "", "O", 23.701, 77.598, 0, 0, 270],
		[46, "U1_10", 1507.7, -595, "T", "SMD", "$1N2395", "", "O", 23.701, 77.598, 0, 0, 270],
		[47, "U1_11", 1507.7, -545, "T", "SMD", "$1N2400", "", "O", 23.701, 77.598, 0, 0, 270],
		[48, "U1_12", 1507.7, -495, "T", "SMD", "$1N2405", "", "O", 23.701, 77.598, 0, 0, 270],
		[49, "U1_13", 1507.7, -445, "T", "SMD", "$1N2410", "", "O", 23.701, 77.598, 0, 0, 270],
		[50, "U1_14", 1507.7, -395, "T", "SMD", "$1N2415", "", "O", 23.701, 77.598, 0, 0, 270],
		[51, "U1_15", 1507.7, -345, "T", "SMD", "$1N2420", "", "O", 23.701, 77.598, 0, 0, 270],
		[52, "U1_16", 1507.7, -295, "T", "SMD", "VCC", "", "O", 23.701, 77.598, 0, 0, 270],
		[53, "U3_1", 430.945, -208.395, "T", "SMD", "GND", "GND", "R", 62.008, 26.457, 0, 0, 270],
		[54, "U3_2", 489.995, -101.605, "T", "SMD", "3.3V", "", "P", 74.804, 211.685, 0, 0, 270],
		[55, "U3_3", 549.055, -208.395, "T", "SMD", "VCC", "", "R", 62.008, 26.457, 0, 0, 270],
		[56, "U4_1", 209.765, -617.795, "T", "SMD", "VCC", "", "R", 39.37, 98.425, 0, 0, 270],
		[57, "U4_2", 209.765, -519.365, "T", "SMD", "D-", "", "R", 39.37, 98.425, 0, 0, 270],
		[58, "U4_3", 209.765, -440.625, "T", "SMD", "D+", "", "R", 39.37, 98.425, 0, 0, 270],
		[59, "U4_4", 209.765, -342.205, "T", "SMD", "GND", "GND", "R", 39.37, 98.425, 0, 0, 270],
		[60, "U4_5", 120.235, -249.685, "T", "DIP", "$1N2425", "", "O", 59.055, 129.921, 35.434, 98.425, 270],
		[61, "U4_5", 120.235, -249.685, "B", "DIP", "$1N2425", "", "O", 59.055, 129.921, 35.434, 98.425, 270],
		[62, "U4_6", 120.235, -710.315, "T", "DIP", "$1N2430", "", "O", 59.055, 129.921, 35.434, 98.425, 270],
		[63, "U4_6", 120.235, -710.315, "B", "DIP", "$1N2430", "", "O", 59.055, 129.921, 35.434, 98.425, 270],
		[64, "X1_1", 668.94, -570, "T", "DIP", "$1N1148", "", "R", 59.055, 59.055, 35.434, 35.434, 0],
		[65, "X1_1", 668.94, -570, "B", "DIP", "$1N1148", "", "R", 59.055, 59.055, 35.434, 35.434, 0],
		[66, "X1_2", 861.06, -570, "T", "DIP", "$1N1143", "", "C", 59.055, 59.055, 35.434, 35.434, 0],
		[67, "X1_2", 861.06, -570, "B", "DIP", "$1N1143", "", "C", 59.055, 59.055, 35.434, 35.434, 0],
		[68, "PAD1_2", 482.68, -355, "T", "SMD", "GND", "GND", "R", 31.496, 35.433, 0, 0, 0],
		[69, "PAD2_1", 427.56, -355, "T", "SMD", "3.3V", "", "R", 31.496, 35.433, 0, 0, 0],
		[70, "PAD3_2", 632.56, -355, "T", "SMD", "GND", "GND", "R", 31.496, 35.433, 0, 0, 0],
		[71, "PAD4_1", 577.44, -355, "T", "SMD", "VCC", "", "R", 31.496, 35.433, 0, 0, 0],
		[72, "PAD5_2", 1552.56, -185, "T", "SMD", "GND", "GND", "R", 31.496, 35.433, 0, 0, 0],
		[73, "PAD6_1", 1497.44, -185, "T", "SMD", "VCC", "", "R", 31.496, 35.433, 0, 0, 0],
		[74, "PAD7_2", 802.56, -355, "T", "SMD", "$1N1035", "", "R", 31.496, 35.433, 0, 0, 0],
		[75, "PAD8_1", 747.44, -355, "T", "SMD", "GND", "GND", "R", 31.496, 35.433, 0, 0, 0],
		[76, "PAD9_2", 632.56, -805, "T", "SMD", "$1N1143", "", "R", 31.496, 35.433, 0, 0, 0],
		[77, "PAD10_1", 577.44, -805, "T", "SMD", "GND", "GND", "R", 31.496, 35.433, 0, 0, 0],
		[78, "PAD11_2", 802.56, -810, "T", "SMD", "$1N1148", "", "R", 31.496, 35.433, 0, 0, 0],
		[79, "PAD12_1", 747.44, -810, "T", "SMD", "GND", "GND", "R", 31.496, 35.433, 0, 0, 0],
		[80, "PAD13_2", 1309.5547, -181.453, "T", "SMD", "GND", "GND", "R", 31.496, 35.433, 0, 0, 0],
		[81, "PAD14_1", 1254.4347, -181.453, "T", "SMD", "VCC", "", "R", 31.496, 35.433, 0, 0, 0],
		[82, "PAD15_1", 1904.21, -672.369, "T", "DIP", "VCC", "", "R", 66.929, 66.929, 43.308, 43.308, 90],
		[83, "PAD15_1", 1904.21, -672.369, "B", "DIP", "VCC", "", "R", 66.929, 66.929, 43.308, 43.308, 90],
		[84, "PAD16_2", 1904.21, -572.369, "T", "DIP", "3.3V", "", "C", 66.929, 66.929, 43.308, 43.308, 90],
		[85, "PAD16_2", 1904.21, -572.369, "B", "DIP", "3.3V", "", "C", 66.929, 66.929, 43.308, 43.308, 90],
		[86, "PAD17_3", 1904.21, -472.369, "T", "DIP", "TXD", "", "C", 66.929, 66.929, 43.308, 43.308, 90],
		[87, "PAD17_3", 1904.21, -472.369, "B", "DIP", "TXD", "", "C", 66.929, 66.929, 43.308, 43.308, 90],
		[88, "PAD18_4", 1904.21, -372.369, "T", "DIP", "RXD", "", "C", 66.929, 66.929, 43.308, 43.308, 90],
		[89, "PAD18_4", 1904.21, -372.369, "B", "DIP", "RXD", "", "C", 66.929, 66.929, 43.308, 43.308, 90],
		[90, "PAD19_5", 1904.21, -272.369, "T", "DIP", "GND", "GND", "C", 66.929, 66.929, 43.308, 43.308, 90],
		[91, "PAD19_5", 1904.21, -272.369, "B", "DIP", "GND", "GND", "C", 66.929, 66.929, 43.308, 43.308, 90],
		[92, "PAD20_1", 388.5, -809.6, "T", "SMD", "GND", "GND", "R", 31.5, 31.5, 0, 0, 270],
		[93, "PAD21_2", 325.5, -809.8, "T", "SMD", "$1N2383", "", "R", 31.5, 31.5, 0, 0, 270],
		[94, "PAD22_1", 1298.5, -884.6, "T", "SMD", "TXD", "", "R", 31.5, 31.5, 0, 0, 270],
		[95, "PAD23_2", 1235.5, -884.8, "T", "SMD", "$1N2385", "", "R", 31.5, 31.5, 0, 0, 270],
		[96, "PAD24_1", 1491.5, -885.4, "T", "SMD", "RXD", "", "R", 31.5, 31.5, 0, 0, 90],
		[97, "PAD25_2", 1554.5, -885.2, "T", "SMD", "$1N2387", "", "R", 31.5, 31.5, 0, 0, 90],
		[98, "PAD26_2", 482.563, -639.599, "T", "SMD", "3.3V", "", "R", 31.751, 34.016, 0, 0, 0],
		[99, "PAD27_1", 423.243, -639.599, "T", "SMD", "$1N2383", "", "R", 31.751, 34.016, 0, 0, 0],
		[100, "PAD28_2", 1294.66, -745, "T", "SMD", "3.3V", "", "R", 31.751, 34.016, 0, 0, 0],
		[101, "PAD29_1", 1235.34, -745, "T", "SMD", "$1N2385", "", "R", 31.751, 34.016, 0, 0, 0],
		[102, "PAD30_2", 1554.66, -745, "T", "SMD", "3.3V", "", "R", 31.751, 34.016, 0, 0, 0],
		[103, "PAD31_1", 1495.34, -745, "T", "SMD", "$1N2387", "", "R", 31.751, 34.016, 0, 0, 0],
		[104, "PAD32_1", 1292.3, -295, "T", "SMD", "GND", "GND", "O", 23.701, 77.598, 0, 0, 270],
		[105, "PAD33_2", 1292.3, -345, "T", "SMD", "TXD", "", "O", 23.701, 77.598, 0, 0, 270],
		[106, "PAD34_3", 1292.3, -395, "T", "SMD", "RXD", "", "O", 23.701, 77.598, 0, 0, 270],
		[107, "PAD35_4", 1292.3, -445, "T", "SMD", "$1N1035", "", "O", 23.701, 77.598, 0, 0, 270],
		[108, "PAD36_5", 1292.3, -495, "T", "SMD", "D+", "", "O", 23.701, 77.598, 0, 0, 270],
		[109, "PAD37_6", 1292.3, -545, "T", "SMD", "D-", "", "O", 23.701, 77.598, 0, 0, 270],
		[110, "PAD38_7", 1292.3, -595, "T", "SMD", "$1N1143", "", "O", 23.701, 77.598, 0, 0, 270],
		[111, "PAD39_8", 1292.3, -645, "T", "SMD", "$1N1148", "", "O", 23.701, 77.598, 0, 0, 270],
		[112, "PAD40_16", 1507.7, -295, "T", "SMD", "VCC", "", "O", 23.701, 77.598, 0, 0, 270],
		[113, "PAD41_15", 1507.7, -345, "T", "SMD", "$1N2420", "", "O", 23.701, 77.598, 0, 0, 270],
		[114, "PAD42_14", 1507.7, -395, "T", "SMD", "$1N2415", "", "O", 23.701, 77.598, 0, 0, 270],
		[115, "PAD43_13", 1507.7, -445, "T", "SMD", "$1N2410", "", "O", 23.701, 77.598, 0, 0, 270],
		[116, "PAD44_12", 1507.7, -495, "T", "SMD", "$1N2405", "", "O", 23.701, 77.598, 0, 0, 270],
		[117, "PAD45_11", 1507.7, -545, "T", "SMD", "$1N2400", "", "O", 23.701, 77.598, 0, 0, 270],
		[118, "PAD46_10", 1507.7, -595, "T", "SMD", "$1N2395", "", "O", 23.701, 77.598, 0, 0, 270],
		[119, "PAD47_9", 1507.7, -645, "T", "SMD", "$1N2391", "", "O", 23.701, 77.598, 0, 0, 270],
		[120, "PAD48_1", 430.945, -208.395, "T", "SMD", "GND", "GND", "R", 62.008, 26.457, 0, 0, 270],
		[121, "PAD49_3", 549.055, -208.395, "T", "SMD", "VCC", "", "R", 62.008, 26.457, 0, 0, 270],
		[122, "PAD50_2", 489.995, -101.605, "T", "SMD", "3.3V", "", "P", 74.804, 211.685, 0, 0, 270],
		[123, "PAD51_4", 209.765, -342.205, "T", "SMD", "GND", "GND", "R", 39.37, 98.425, 0, 0, 270],
		[124, "PAD52_3", 209.765, -440.625, "T", "SMD", "D+", "", "R", 39.37, 98.425, 0, 0, 270],
		[125, "PAD53_2", 209.765, -519.365, "T", "SMD", "D-", "", "R", 39.37, 98.425, 0, 0, 270],
		[126, "PAD54_1", 209.765, -617.795, "T", "SMD", "VCC", "", "R", 39.37, 98.425, 0, 0, 270],
		[127, "PAD55_6", 120.235, -710.315, "T", "DIP", "$1N2430", "", "O", 59.055, 129.921, 35.434, 98.425, 270],
		[128, "PAD55_6", 120.235, -710.315, "B", "DIP", "$1N2430", "", "O", 59.055, 129.921, 35.434, 98.425, 270],
		[129, "PAD56_5", 120.235, -249.685, "T", "DIP", "$1N2425", "", "O", 59.055, 129.921, 35.434, 98.425, 270],
		[130, "PAD56_5", 120.235, -249.685, "B", "DIP", "$1N2425", "", "O", 59.055, 129.921, 35.434, 98.425, 270],
		[131, "PAD57_1", 668.94, -570, "T", "DIP", "$1N1148", "", "R", 59.055, 59.055, 35.434, 35.434, 0],
		[132, "PAD57_1", 668.94, -570, "B", "DIP", "$1N1148", "", "R", 59.055, 59.055, 35.434, 35.434, 0],
		[133, "PAD58_2", 861.06, -570, "T", "DIP", "$1N1143", "", "C", 59.055, 59.055, 35.434, 35.434, 0],
		[134, "PAD58_2", 861.06, -570, "B", "DIP", "$1N1143", "", "C", 59.055, 59.055, 35.434, 35.434, 0]
	]
}
}