{
"lengthUnit": "mil",
"remark": [],
"components": {
	"fields": ["COMPONENT_NO", "COMPONENT_NAME", "LAYER", "X_COORDINATE", "Y_COORDINATE", "ANGLE"],
	"rows": [
		[1, "C1", "T", 855, -350, 90],
		[2, "C2", "T", 860, -145, 90],
		[3, "LED1", "T", 1040, -725, 0],
		[4, "R1", "T", 645, -150, 90],
		[5, "R2", "T", 645, -350, 90],
		[6, "R3", "T", 465, -1040, 0],
		[7, "R4", "T", 465, -825, 0],
		[8, "SW1", "T", 595, -1395, 0],
		[9, "U2", "T", 750, -570, 90],
		[10, "USB1", "T", 197.4546, -935, 270],
		[11, "PAD1", "T", 855, -322.44, 0],
		[12, "PAD2", "T", 855, -377.56, 0],
		[13, "PAD3", "T", 860, -117.44, 0],
		[14, "PAD4", "T", 860, -172.56, 0],
		[15, "PAD5", "T", 1006.5, -725.4, 0],
		[16, "PAD6", "T", 1069.5, -725.2, 0],
		[17, "PAD7", "T", 645, -120.34, 0],
		[18, "PAD8", "T", 645, -179.66, 0],
		[19, "PAD9", "T", 645, -320.34, 0],
		[20, "PAD10", "T", 645, -379.66, 0],
		[21, "PAD11", "T", 494.66, -1040, 0],
		[22, "PAD12", "T", 435.34, -1040, 0],
		[23, "PAD13", "T", 494.66, -825, 0],
		[24, "PAD14", "T", 435.34, -825, 0],
		[25, "PAD15", "T", 495, -1267.05, 0],
		[26, "PAD16", "T", 595, -1267.05, 0],
		[27, "PAD17", "T", 695, -1267.05, 0],
		[28, "PAD18", "T", 495, -1522.95, 0],
		[29, "PAD19", "T", 595, -1522.95, 0],
		[30, "PAD20", "T", 695, -1522.95, 0],
		[31, "PAD21", "T", 858.97, -645, 0],
		[32, "PAD22", "T", 858.97, -595, 0],
		[33, "PAD23", "T", 858.97, -545, 0],
		[34, "PAD24", "T", 858.97, -495, 0],
		[35, "PAD25", "T", 641.03, -645, 0],
		[36, "PAD26", "T", 641.03, -595, 0],
		[37, "PAD27", "T", 641.03, -545, 0],
		[38, "PAD28", "T", 641.03, -495, 0],
		[39, "PAD29", "T", 277.1796, -828.705, 0],
		[40, "PAD30", "T", 277.1796, -875.945, 0],
		[41, "PAD31", "T", 277.1796, -915.315, 0],
		[42, "PAD32", "T", 277.1796, -954.685, 0],
		[43, "PAD33", "T", 277.1796, -994.055, 0],
		[44, "PAD34", "T", 277.1796, -1041.295, 0],
		[45, "PAD35", "T", 117.7296, -1105.075, 0],
		[46, "PAD35", "B", 117.7296, -1105.075, 0],
		[47, "PAD36", "T", 117.7296, -764.925, 0],
		[48, "PAD36", "B", 117.7296, -764.925, 0],
		[49, "PAD37", "T", 267.3396, -1105.075, 0],
		[50, "PAD37", "B", 267.3396, -1105.075, 0],
		[51, "PAD38", "T", 267.3396, -764.925, 0],
		[52, "PAD38", "B", 267.3396, -764.925, 0]
	]
},
"pins": {
	"fields": ["PIN_NO", "PIN_NAME", "PIN_X", "PIN_Y", "LAYER", "PIN_TYPE", "NET_NAME", "NET_TYPE", "PAD_SHAPE", "PAD_SIZEX", "PAD_SIZEY", "HOLE_SIZE", "HOLE_LEN", "PAD_ANGLE"],
	"rows": [
		[1, "C1_1", 855, -377.56, "T", "SMD", "GND", "GND", "R", 31.496, 35.433, 0, 0, 90],
		[2, "C1_2", 855, -322.44, "T", "SMD", "$1N640", "", "R", 31.496, 35.433, 0, 0, 90],
		[3, "C2_1", 860, -172.56, "T", "SMD", "GND", "GND", "R", 31.496, 35.433, 0, 0, 90],
		[4, "C2_2", 860, -117.44, "T", "SMD", "$1N583", "", "R", 31.496, 35.433, 0, 0, 90],
		[5, "LED1_1", 1006.5, -725.4, "T", "SMD", "GND", "GND", "R", 31.5, 31.5, 0, 0, 90],
		[6, "LED1_2", 1069.5, -725.2, "T", "SMD", "$1N765", "", "R", 31.5, 31.5, 0, 0, 90],
		[7, "R1_1", 645, -179.66, "T", "SMD", "$1N552", "", "R", 31.751, 34.016, 0, 0, 90],
		[8, "R1_2", 645, -120.34, "T", "SMD", "VCC", "", "R", 31.751, 34.016, 0, 0, 90],
		[9, "R2_1", 645, -379.66, "T", "SMD", "$1N552", "", "R", 31.751, 34.016, 0, 0, 90],
		[10, "R2_2", 645, -320.34, "T", "SMD", "$1N640", "", "R", 31.751, 34.016, 0, 0, 90],
		[11, "R3_1", 435.34, -1040, "T", "SMD", "$1N1542", "", "R", 31.751, 34.016, 0, 0, 0],
		[12, "R3_2", 494.66, -1040, "T", "SMD", "GND", "GND", "R", 31.751, 34.016, 0, 0, 0],
		[13, "R4_1", 435.34, -825, "T", "SMD", "$1N1439", "", "R", 31.751, 34.016, 0, 0, 0],
		[14, "R4_2", 494.66, -825, "T", "SMD", "GND", "GND", "R", 31.751, 34.016, 0, 0, 0],
		[15, "SW1_1", 495, -1267.05, "T", "SMD", "GND", "GND", "R", 53.15, 31.496, 0, 0, 90],
		[16, "SW1_2", 595, -1267.05, "T", "SMD", "GND", "GND", "R", 53.15, 31.496, 0, 0, 90],
		[17, "SW1_3", 695, -1267.05, "T", "SMD", "GND", "GND", "R", 53.15, 31.496, 0, 0, 90],
		[18, "SW1_4", 495, -1522.95, "T", "SMD", "VCC", "", "R", 53.15, 31.496, 0, 0, 90],
		[19, "SW1_5", 595, -1522.95, "T", "SMD", "VCC", "", "R", 53.15, 31.496, 0, 0, 90],
		[20, "SW1_6", 695, -1522.95, "T", "SMD", "VCC", "", "R", 53.15, 31.496, 0, 0, 90],
		[21, "U2_1", 858.97, -645, "T", "SMD", "GND", "GND", "O", 22.598, 80.138, 0, 0, 90],
		[22, "U2_2", 858.97, -595, "T", "SMD", "$1N640", "", "O", 22.598, 80.138, 0, 0, 90],
		[23, "U2_3", 858.97, -545, "T", "SMD", "$1N765", "", "O", 22.598, 80.138, 0, 0, 90],
		[24, "U2_4", 858.97, -495, "T", "SMD", "VCC", "", "O", 22.598, 80.138, 0, 0, 90],
		[25, "U2_5", 641.03, -495, "T", "SMD", "$1N583", "", "O", 22.598, 80.138, 0, 0, 90],
		[26, "U2_6", 641.03, -545, "T", "SMD", "$1N640", "", "O", 22.598, 80.138, 0, 0, 90],
		[27, "U2_7", 641.03, -595, "T", "SMD", "$1N552", "", "O", 22.598, 80.138, 0, 0, 90],
		[28, "U2_8", 641.03, -645, "T", "SMD", "VCC", "", "O", 22.598, 80.138, 0, 0, 90],
		[29, "USB1_7", 117.7296, -1105.075, "T", "DIP", "GND", "GND", "O", 43.307, 74.803, 27.56, 59.056, 270],
		[30, "USB1_7", 117.7296, -1105.075, "B", "DIP", "GND", "GND", "O", 43.307, 74.803, 27.56, 59.056, 270],
		[31, "USB1_7", 117.7296, -764.925, "T", "DIP", "GND", "GND", "O", 43.307, 74.803, 27.56, 59.056, 270],
		[32, "USB1_7", 117.7296, -764.925, "B", "DIP", "GND", "GND", "O", 43.307, 74.803, 27.56, 59.056, 270],
		[33, "USB1_7", 267.3396, -1105.075, "T", "DIP", "GND", "GND", "O", 43.307, 74.803, 27.56, 59.056, 270],
		[34, "USB1_7", 267.3396, -1105.075, "B", "DIP", "GND", "GND", "O", 43.307, 74.803, 27.56, 59.056, 270],
		[35, "USB1_7", 267.3396, -764.925, "T", "DIP", "GND", "GND", "O", 43.307, 74.803, 27.56, 59.056, 270],
		[36, "USB1_7", 267.3396, -764.925, "B", "DIP", "GND", "GND", "O", 43.307, 74.803, 27.56, 59.056, 270],
		[37, "USB1_A12", 277.1796, -1041.295, "T", "SMD", "GND", "GND", "R", 31.496, 47.244, 0, 0, 270],
		[38, "USB1_A5", 277.1796, -915.315, "T", "SMD", "$1N1439", "", "R", 27.559, 47.244, 0, 0, 270],
		[39, "USB1_A9", 277.1796, -994.055, "T", "SMD", "VCC", "", "R", 27.559, 47.244, 0, 0, 270],
		[40, "USB1_B12", 277.1796, -828.705, "T", "SMD", "GND", "GND", "R", 31.496, 47.244, 0, 0, 270],
		[41, "USB1_B5", 277.1796, -954.685, "T", "SMD", "$1N1542", "", "R", 27.559, 47.244, 0, 0, 270],
		[42, "USB1_B9", 277.1796, -875.945, "T", "SMD", "VCC", "", "R", 27.559, 47.244, 0, 0, 270],
		[43, "PAD1_2", 855, -322.44, "T", "SMD", "$1N640", "", "R", 31.496, 35.433, 0, 0, 90],
		[44, "PAD2_1", 855, -377.56, "T", "SMD", "GND", "GND", "R", 31.496, 35.433, 0, 0, 90],
		[45, "PAD3_2", 860, -117.44, "T", "SMD", "$1N583", "", "R", 31.496, 35.433, 0, 0, 90],
		[46, "PAD4_1", 860, -172.56, "T", "SMD", "GND", "GND", "R", 31.496, 35.433, 0, 0, 90],
		[47, "PAD5_1", 1006.5, -725.4, "T", "SMD", "GND", "GND", "R", 31.5, 31.5, 0, 0, 90],
		[48, "PAD6_2", 1069.5, -725.2, "T", "SMD", "$1N765", "", "R", 31.5, 31.5, 0, 0, 90],
		[49, "PAD7_2", 645, -120.34, "T", "SMD", "VCC", "", "R", 31.751, 34.016, 0, 0, 90],
		[50, "PAD8_1", 645, -179.66, "T", "SMD", "$1N552", "", "R", 31.751, 34.016, 0, 0, 90],
		[51, "PAD9_2", 645, -320.34, "T", "SMD", "$1N640", "", "R", 31.751, 34.016, 0, 0, 90],
		[52, "PAD10_1", 645, -379.66, "T", "SMD", "$1N552", "", "R", 31.751, 34.016, 0, 0, 90],
		[53, "PAD11_2", 494.66, -1040, "T", "SMD", "GND", "GND", "R", 31.751, 34.016, 0, 0, 0],
		[54, "PAD12_1", 435.34, -1040, "T", "SMD", "$1N1542", "", "R", 31.751, 34.016, 0, 0, 0],
		[55, "PAD13_2", 494.66, -825, "T", "SMD", "GND", "GND", "R", 31.751, 34.016, 0, 0, 0],
		[56, "PAD14_1", 435.34, -825, "T", "SMD", "$1N1439", "", "R", 31.751, 34.016, 0, 0, 0],
		[57, "PAD15_1", 495, -1267.05, "T", "SMD", "GND", "GND", "R", 53.15, 31.496, 0, 0, 90],
		[58, "PAD16_2", 595, -1267.05, "T", "SMD", "GND", "GND", "R", 53.15, 31.496, 0, 0, 90],
		[59, "PAD17_3", 695, -1267.05, "T", "SMD", "GND", "GND", "R", 53.15, 31.496, 0, 0, 90],
		[60, "PAD18_4", 495, -1522.95, "T", "SMD", "VCC", "", "R", 53.15, 31.496, 0, 0, 90],
		[61, "PAD19_5", 595, -1522.95, "T", "SMD", "VCC", "", "R", 53.15, 31.496, 0, 0, 90],
		[62, "PAD20_6", 695, -1522.95, "T", "SMD", "VCC", "", "R", 53.15, 31.496, 0, 0, 90],
		[63, "PAD21_1", 858.97, -645, "T", "SMD", "GND", "GND", "O", 22.598, 80.138, 0, 0, 90],
		[64, "PAD22_2", 858.97, -595, "T", "SMD", "$1N640", "", "O", 22.598, 80.138, 0, 0, 90],
		[65, "PAD23_3", 858.97, -545, "T", "SMD", "$1N765", "", "O", 22.598, 80.138, 0, 0, 90],
		[66, "PAD24_4", 858.97, -495, "T", "SMD", "VCC", "", "O", 22.598, 80.138, 0, 0, 90],
		[67, "PAD25_8", 641.03, -645, "T", "SMD", "VCC", "", "O", 22.598, 80.138, 0, 0, 90],
		[68, "PAD26_7", 641.03, -595, "T", "SMD", "$1N552", "", "O", 22.598, 80.138, 0, 0, 90],
		[69, "PAD27_6", 641.03, -545, "T", "SMD", "$1N640", "", "O", 22.598, 80.138, 0, 0, 90],
		[70, "PAD28_5", 641.03, -495, "T", "SMD", "$1N583", "", "O", 22.598, 80.138, 0, 0, 90],
		[71, "PAD29_B12", 277.1796, -828.705, "T", "SMD", "GND", "GND", "R", 31.496, 47.244, 0, 0, 270],
		[72, "PAD30_B9", 277.1796, -875.945, "T", "SMD", "VCC", "", "R", 27.559, 47.244, 0, 0, 270],
		[73, "PAD31_A5", 277.1796, -915.315, "T", "SMD", "$1N1439", "", "R", 27.559, 47.244, 0, 0, 270],
		[74, "PAD32_B5", 277.1796, -954.685, "T", "SMD", "$1N1542", "", "R", 27.559, 47.244, 0, 0, 270],
		[75, "PAD33_A9", 277.1796, -994.055, "T", "SMD", "VCC", "", "R", 27.559, 47.244, 0, 0, 270],
		[76, "PAD34_A12", 277.1796, -1041.295, "T", "SMD", "GND", "GND", "R", 31.496, 47.244, 0, 0, 270],
		[77, "PAD35_7", 117.7296, -1105.075, "T", "DIP", "GND", "GND", "O", 43.307, 74.803, 27.56, 59.056, 270],
		[78, "PAD35_7", 117.7296, -1105.075, "B", "DIP", "GND", "GND", "O", 43.307, 74.803, 27.56, 59.056, 270],
		[79, "PAD36_7", 117.7296, -764.925, "T", "DIP", "GND", "GND", "O", 43.307, 74.803, 27.56, 59.056, 270],
		[80, "PAD36_7", 117.7296, -764.925, "B", "DIP", "GND", "GND", "O", 43.307, 74.803, 27.56, 59.056, 270],
		[81, "PAD37_7", 267.3396, -1105.075, "T", "DIP", "GND", "GND", "O", 43.307, 74.803, 27.56, 59.056, 270],
		[82, "PAD37_7", 267.3396, -1105.075, "B", "DIP", "GND", "GND", "O", 43.307, 74.803, 27.56, 59.056, 270],
		[83, "PAD38_7", 267.3396, -764.925, "T", "DIP", "GND", "GND", "O", 43.307, 74.803, 27.56, 59.056, 270],
		[84, "PAD38_7", 267.3396, -764.925, "B", "DIP", "GND", "GND", "O", 43.307, 74.803, 27.56, 59.056, 270]
	]
}
}